{"cameraMode":{"drawMode":0,"name":"Shaded","section":"Shading Mode"},"sceneLighting":true,"audioPlay":false,"sceneViewState":{"m_AlwaysRefresh":false,"showFog":true,"showSkybox":true,"showFlares":true,"showImageEffects":true,"showParticleSystems":true,"showVisualEffectGraphs":true,"m_FxEnabled":true},"in2DMode":false,"pivot":{"x":0.20388412475585938,"y":-1.6550312042236329,"z":1.148076057434082},"rotation":{"x":0.18512648344039918,"y":-0.39798611402511599,"z":0.08229663223028183,"w":0.8947805166244507},"size":3.6444027423858644,"orthographic":true}